{"vl_Licitacao":{"Campina Grande":14627024271.2320156097,"Jo\u00e3o Pessoa":7380778479.5850067139,"Santa Rita":1155780396.2099988461,"Patos":1016743137.3200006485,"Sousa":971983813.9199997187,"Cabedelo":816067389.5299986601,"Ing\u00e1":796349336.4400000572,"Bayeux":682149906.1599992514,"Cajazeiras":574576163.8500006199,"Monteiro":547711629.1099997759}}